,Кол-во отправленных сообщений,Кол-во полученных сообщений,Кол-во Адресатов,Кол-во поздно прочитанных сообщений,Среднее кол-во дней между получением и прочтением,Кол-во отвеченных сообщений,Кол-во символов текста в сообщениях,Соотношение полученных и отправленных,Вердикт
0,245,71,18,40,19,11,20,3.4507042253521125,0
1,1704,381,28,84,10,282,14,4.47244094488189,0
2,93,462,134,90,17,397,24,0.2012987012987013,1
3,57,1353,15,36,12,154,39,0.04212860310421286,0
4,73,1111,38,50,17,36,66,0.06570657065706571,0
5,19,71,110,111,107,31,34,0.2676056338028169,0
6,1094,1326,20,4,18,114,12,0.8250377073906485,0
7,510,189,51,1,13,608,25,2.6984126984126986,0
8,437,2189,63,74,10,40,19,0.19963453631795341,1
9,154,1426,18,17,14,1324,13,0.10799438990182328,0
10,182,182,55,21,16,4,25,1.0,0
11,1360,587,48,29,88,384,32,2.3168654173764907,0
12,57,670,55,144,99,816,30,0.08507462686567165,0
13,561,134,22,19,75,305,7,4.186567164179104,0
14,1096,632,121,20,21,1290,19,1.7341772151898733,1
15,221,304,107,19,58,102,17,0.7269736842105263,0
16,1152,93,53,0,13,99,12,12.387096774193548,0
17,108,169,44,79,52,399,66,0.6390532544378699,1
18,183,340,122,127,15,104,18,0.538235294117647,1
19,639,255,2,64,13,97,22,2.5058823529411764,1
20,1346,4,49,116,21,106,28,336.5,0
21,16,334,124,32,18,156,4,0.04790419161676647,0
22,1133,346,162,111,15,135,5,3.2745664739884393,0
23,379,82,46,8,10,9,14,4.621951219512195,0
24,851,306,10,90,62,45,35,2.781045751633987,1
25,850,674,6,53,4,82,40,1.261127596439169,1
26,245,4,35,127,7,2,39,61.25,0
27,1285,297,78,46,13,288,45,4.326599326599327,1
28,120,600,45,90,11,788,21,0.2,1
29,219,443,33,39,10,455,22,0.49435665914221216,1
30,302,268,17,6,19,314,19,1.126865671641791,1
31,233,666,1,50,4,579,35,0.34984984984984985,0
32,23,132,21,56,6,48,28,0.17424242424242425,1
33,426,507,52,167,17,680,25,0.8402366863905325,1
34,1223,181,63,76,4,4,3,6.7569060773480665,0
35,130,393,41,126,16,266,24,0.33078880407124683,0
36,1068,505,130,7,11,4,42,2.114851485148515,0
37,6,288,79,47,14,356,42,0.020833333333333332,0
38,2166,771,47,86,18,4,3,2.809338521400778,1
39,408,560,9,36,6,10,10,0.7285714285714285,1
40,1479,81,55,46,18,750,28,18.25925925925926,0
41,1010,702,16,71,49,683,9,1.4387464387464388,1
42,139,234,38,150,10,122,21,0.594017094017094,0
43,1382,613,78,74,2,0,42,2.2544861337683524,0
44,396,631,17,78,84,224,16,0.6275752773375595,0
45,1227,534,121,21,8,63,54,2.297752808988764,0
46,158,140,19,113,13,172,58,1.1285714285714286,1
47,1377,686,37,159,102,331,29,2.007288629737609,1
48,39,1177,46,128,19,295,29,0.03313508920985556,0
49,124,351,167,56,13,1304,36,0.35327635327635326,0
50,492,689,109,4,9,96,37,0.714078374455733,0
51,351,589,149,2,35,315,17,0.5959252971137521,0
52,14,329,50,39,17,266,21,0.0425531914893617,1
53,298,1150,11,37,7,1419,7,0.2591304347826087,0
54,882,586,123,86,10,114,44,1.5051194539249146,0
55,101,361,2,28,7,711,23,0.27977839335180055,1
56,446,313,19,58,39,153,45,1.4249201277955272,0
57,705,2084,3,13,8,82,27,0.33829174664107486,1
58,1659,637,73,4,15,165,14,2.6043956043956045,0
59,551,1781,168,126,20,44,29,0.3093767546322291,1
60,324,128,55,28,10,240,13,2.53125,0
61,150,860,56,43,9,345,43,0.1744186046511628,0
62,170,1264,52,141,7,2,35,0.13449367088607594,0
63,1240,452,67,58,17,1,4,2.743362831858407,0
64,296,571,14,26,6,3,38,0.5183887915936952,0
65,305,269,96,43,13,31,5,1.1338289962825279,0
66,215,92,0,20,13,85,31,2.3369565217391304,1
67,74,167,41,88,95,193,29,0.4431137724550898,0
68,14,525,54,152,20,266,28,0.02666666666666667,0
69,32,164,56,58,20,277,24,0.1951219512195122,0
70,345,28,47,67,14,212,18,12.321428571428571,1
71,133,288,40,44,78,215,0,0.4618055555555556,1
72,1583,936,66,117,19,108,16,1.6912393162393162,1
73,139,165,16,16,13,236,24,0.8424242424242424,0
74,2140,490,38,58,85,171,29,4.36734693877551,0
75,216,436,61,26,18,183,13,0.4954128440366973,0
76,695,444,9,77,5,548,18,1.5653153153153154,0
77,94,608,26,65,6,30,30,0.15460526315789475,0
78,282,566,144,21,54,121,25,0.49823321554770317,0
79,392,628,175,6,7,71,54,0.6242038216560509,1
80,242,163,123,38,10,189,47,1.4846625766871167,1
81,348,290,27,114,5,220,4,1.2,0
82,402,21,5,15,17,6,4,19.142857142857142,0
83,97,282,147,27,15,395,43,0.34397163120567376,0
84,191,338,2,7,9,221,4,0.5650887573964497,1
85,218,264,38,16,43,271,16,0.8257575757575758,1
86,239,855,33,36,19,734,55,0.2795321637426901,0
87,1113,582,64,68,90,16,17,1.9123711340206186,1
88,87,658,39,37,51,184,3,0.13221884498480244,1
89,451,1897,22,131,14,1869,32,0.23774380600948866,0
90,1271,1071,82,80,63,104,77,1.1867413632119514,0
91,335,1480,160,83,10,119,0,0.22635135135135134,1
92,64,559,20,33,19,251,16,0.11449016100178891,0
93,132,485,10,6,10,236,24,0.2721649484536082,0
94,176,218,43,81,5,276,47,0.8073394495412844,0
95,411,727,19,73,11,111,24,0.5653370013755158,0
96,1837,716,2,36,72,201,47,2.565642458100559,0
97,349,123,46,3,16,25,29,2.83739837398374,1
98,249,19,54,66,15,25,36,13.105263157894736,0
99,171,336,115,5,15,142,9,0.5089285714285714,0
100,783,43,42,51,8,90,6,18.209302325581394,1
101,157,76,54,123,6,1000,2,2.0657894736842106,0
102,1497,443,27,34,9,124,7,3.379232505643341,0
103,78,891,42,4,92,642,19,0.08754208754208755,1
104,255,4,55,72,112,1729,5,63.75,1
105,875,614,40,73,4,388,28,1.4250814332247557,1
106,92,482,7,40,12,76,49,0.1908713692946058,1
107,226,48,101,34,20,230,7,4.708333333333333,0
108,146,60,25,56,13,769,38,2.433333333333333,0
109,494,623,0,19,15,144,26,0.7929373996789727,0
110,297,30,43,13,54,104,26,9.9,1
111,15,1252,58,16,54,1546,20,0.011980830670926517,0
112,280,585,31,81,89,401,47,0.47863247863247865,1
113,17,1581,30,0,81,68,48,0.010752688172043012,1
114,759,749,48,4,11,1048,11,1.0133511348464619,1
115,25,213,42,128,9,5,19,0.11737089201877934,1
116,267,318,158,50,36,76,11,0.839622641509434,0
117,336,1731,60,63,80,100,9,0.19410745233968804,0
118,222,717,79,77,10,326,24,0.30962343096234307,1
119,469,120,7,11,55,25,5,3.908333333333333,0
120,392,372,4,48,54,157,51,1.053763440860215,1
121,1069,390,131,98,105,121,21,2.741025641025641,0
122,235,260,52,0,20,167,20,0.9038461538461539,0
123,310,270,27,1,73,67,44,1.1481481481481481,0
124,64,2023,87,18,4,109,58,0.03163618388531883,1
125,127,136,7,98,93,759,40,0.9338235294117647,1
126,1394,246,160,0,20,72,27,5.666666666666667,1
127,20,124,131,127,14,107,16,0.16129032258064516,0
128,143,278,17,67,19,1375,14,0.5143884892086331,0
129,86,226,57,135,16,218,1,0.3805309734513274,0
130,67,173,10,49,9,1071,8,0.3872832369942196,0
131,385,117,58,23,13,545,19,3.2905982905982905,0
132,1431,186,36,43,96,48,4,7.693548387096774,1
133,20,398,27,18,12,283,23,0.05025125628140704,0
134,946,358,23,76,14,4,13,2.642458100558659,0
135,216,358,79,90,79,332,47,0.6033519553072626,0
136,153,1902,101,49,13,812,9,0.0804416403785489,0
137,1570,1764,87,46,17,305,0,0.8900226757369615,1
138,1559,680,120,6,108,768,20,2.2926470588235293,1
139,142,2269,71,64,10,635,54,0.0625826355222565,1
140,266,984,19,28,8,402,13,0.2703252032520325,0
141,393,533,12,18,18,104,16,0.7373358348968105,0
142,106,787,31,64,9,178,70,0.13468869123252858,0
143,555,661,50,14,13,364,9,0.8396369137670197,0
144,118,211,144,17,10,214,48,0.5592417061611374,0
145,180,435,50,37,8,135,33,0.41379310344827586,0
146,154,472,98,79,11,67,59,0.326271186440678,0
147,1602,245,155,29,6,177,6,6.538775510204082,0
148,566,450,90,13,51,2100,17,1.2577777777777779,1
149,123,224,68,46,2,239,19,0.5491071428571429,0
150,281,590,55,55,18,318,59,0.47627118644067795,0
151,977,671,11,78,3,83,5,1.4560357675111772,0
152,398,140,0,4,80,909,22,2.842857142857143,1
153,203,408,24,85,7,122,63,0.49754901960784315,0
154,187,1152,23,23,41,269,1,0.1623263888888889,0
155,1175,136,19,32,17,171,0,8.639705882352942,0
156,662,1450,12,112,17,19,17,0.45655172413793105,0
157,92,361,176,64,19,189,22,0.2548476454293629,0
158,122,826,1,11,9,149,42,0.14769975786924938,0
159,898,239,161,131,20,637,7,3.7573221757322175,0
160,1445,146,95,92,4,180,63,9.897260273972602,1
161,262,1077,41,121,8,220,48,0.24326833797585887,1
162,72,607,58,52,11,205,36,0.1186161449752883,1
163,620,393,147,0,17,24,7,1.5776081424936388,0
164,1765,89,57,54,99,32,17,19.831460674157302,1
165,428,555,13,37,11,1282,28,0.7711711711711712,0
166,205,294,8,11,3,28,1,0.6972789115646258,0
167,554,549,83,77,4,64,67,1.0091074681238617,1
168,267,82,20,10,11,341,34,3.2560975609756095,1
169,136,225,33,3,19,75,5,0.6044444444444445,1
170,433,371,44,42,18,53,0,1.1671159029649596,1
171,66,682,4,22,17,322,40,0.0967741935483871,1
172,124,456,50,97,17,17,13,0.2719298245614035,1
173,13,381,3,98,17,173,7,0.03412073490813648,0
174,90,131,18,46,101,203,32,0.6870229007633588,0
175,1139,411,22,50,10,44,5,2.7712895377128954,0
176,262,124,96,45,45,498,11,2.1129032258064515,1
177,1064,606,21,14,7,895,38,1.7557755775577557,0
178,344,1421,48,142,18,246,18,0.24208304011259676,0
179,201,579,6,46,12,18,24,0.3471502590673575,1
180,1642,1717,157,9,16,165,64,0.9563191613278975,1
181,53,251,20,16,85,91,1,0.21115537848605578,1
182,365,668,39,50,8,36,5,0.5464071856287425,1
183,371,1310,20,12,90,49,25,0.283206106870229,0
184,238,180,34,16,16,1505,2,1.3222222222222222,1
185,121,115,140,59,17,114,18,1.0521739130434782,1
186,811,722,15,28,7,21,26,1.1232686980609419,1
187,1136,375,89,55,10,32,57,3.029333333333333,1
188,35,222,6,49,12,101,29,0.15765765765765766,1
189,417,5,30,11,95,1,1,83.4,0
190,186,405,126,89,110,438,3,0.45925925925925926,0
191,173,546,7,4,13,1595,19,0.31684981684981683,0
192,1009,869,15,103,12,176,64,1.1611047180667433,0
193,690,462,24,117,1,76,66,1.4935064935064934,0
194,22,669,108,41,1,448,6,0.03288490284005979,0
195,666,359,5,38,5,17,35,1.8551532033426184,1
196,727,519,21,56,68,132,0,1.4007707129094413,0
197,376,3,10,104,9,85,36,125.33333333333333,0
198,258,459,64,90,18,721,57,0.5620915032679739,0
199,938,562,113,38,17,205,17,1.6690391459074734,0
200,197,492,56,64,98,485,53,0.40040650406504064,1
201,1913,214,9,79,20,138,25,8.939252336448599,0
202,406,140,16,52,75,167,20,2.9,1
203,364,508,76,64,14,4,1,0.7165354330708661,0
204,1857,4,32,29,15,118,5,464.25,0
205,342,269,156,10,16,221,6,1.271375464684015,0
206,1130,606,3,23,94,198,33,1.8646864686468647,0
207,96,411,45,9,5,217,36,0.23357664233576642,0
208,318,143,43,63,14,36,6,2.2237762237762237,0
209,150,435,9,29,15,3,5,0.3448275862068966,0
210,233,107,153,136,0,897,25,2.177570093457944,0
211,633,779,23,0,6,1646,9,0.8125802310654685,0
212,1970,392,95,74,81,0,8,5.025510204081633,0
213,65,298,43,10,15,116,6,0.2181208053691275,0
214,72,514,49,82,19,798,16,0.14007782101167315,1
215,397,542,125,22,19,463,15,0.7324723247232472,0
216,1930,1043,54,57,14,149,12,1.850431447746884,0
217,142,253,132,41,51,133,15,0.5612648221343873,0
218,1187,337,107,121,21,164,23,3.522255192878338,1
219,72,1802,31,18,14,811,61,0.03995560488346282,0
220,1423,463,46,72,96,62,0,3.0734341252699786,0
221,465,55,42,11,18,12,26,8.454545454545455,0
222,293,683,140,77,15,217,53,0.4289897510980966,1
223,877,380,9,95,88,744,35,2.307894736842105,1
224,301,106,102,108,17,86,12,2.839622641509434,0
225,151,696,8,90,10,111,56,0.21695402298850575,1
226,92,284,51,179,11,149,19,0.323943661971831,0
227,319,623,125,8,13,881,32,0.5120385232744783,0
228,534,351,125,29,75,65,34,1.5213675213675213,0
229,150,1045,45,64,19,27,43,0.14354066985645933,1
230,1431,314,18,92,17,452,28,4.557324840764331,0
231,177,160,56,25,11,944,2,1.10625,0
232,1,1144,45,157,18,100,24,0.0008741258741258741,0
233,21,154,12,79,12,569,15,0.13636363636363635,0
234,713,53,165,118,17,804,1,13.452830188679245,0
235,56,426,12,91,5,206,33,0.13145539906103287,1
236,275,408,87,65,19,168,15,0.6740196078431373,0
237,471,876,37,124,16,409,8,0.5376712328767124,0
238,378,574,19,38,56,157,13,0.6585365853658537,0
239,32,653,146,46,11,133,64,0.04900459418070444,0
240,288,377,1,44,5,1064,5,0.7639257294429708,0
241,1081,2047,40,42,13,269,46,0.5280898876404494,1
242,386,673,35,26,15,1302,9,0.5735512630014858,0
243,298,318,155,13,11,331,24,0.9371069182389937,0
244,43,815,9,12,0,76,68,0.05276073619631902,1
245,398,1193,39,12,20,6,19,0.3336127409891031,1
246,306,331,8,46,0,149,3,0.9244712990936556,0
247,214,540,21,28,30,112,25,0.3962962962962963,0
248,784,46,102,84,92,922,15,17.043478260869566,0
249,235,757,30,14,1,34,5,0.3104359313077939,0
250,796,1157,36,134,100,995,23,0.6879861711322386,0
251,1473,523,48,118,19,255,5,2.8164435946462714,1
252,343,83,105,18,21,104,9,4.132530120481928,1
253,1374,542,49,74,9,291,16,2.5350553505535056,0
254,594,87,15,36,14,11,34,6.827586206896552,0
255,24,323,46,156,18,618,39,0.07430340557275542,0
256,440,44,19,103,54,274,60,10.0,1
257,1310,195,25,87,14,238,18,6.717948717948718,0
258,108,365,25,76,89,90,8,0.2958904109589041,1
259,797,0,119,72,16,23,45,inf,0
260,119,852,132,3,13,219,76,0.1396713615023474,0
261,225,159,51,29,13,5,58,1.4150943396226414,0
262,116,34,19,5,16,10,16,3.411764705882353,0
263,366,716,20,21,105,10,16,0.5111731843575419,1
264,446,146,169,86,12,365,24,3.0547945205479454,0
265,132,60,58,130,16,105,5,2.2,0
266,200,1711,36,17,55,511,34,0.11689070718877849,1
267,147,314,41,50,12,311,41,0.4681528662420382,0
268,1445,506,35,62,13,74,11,2.855731225296443,0
269,1321,1192,23,8,17,74,0,1.108221476510067,1
270,133,888,19,26,73,187,12,0.14977477477477477,0
271,344,273,34,45,77,142,23,1.26007326007326,1
272,1248,133,28,9,20,76,8,9.38345864661654,1
273,1305,569,17,172,9,140,26,2.2934973637961336,0
274,45,571,15,30,36,85,55,0.07880910683012259,0
275,356,319,108,50,14,38,38,1.115987460815047,0
276,1487,1575,50,37,94,100,38,0.9441269841269841,0
277,311,1638,33,57,5,47,48,0.18986568986568986,1
278,321,170,14,44,3,854,5,1.888235294117647,0
279,449,447,70,133,20,102,9,1.0044742729306488,0
280,242,772,101,119,19,1121,8,0.3134715025906736,0
281,36,182,34,82,13,789,28,0.1978021978021978,0
282,504,807,27,75,3,18,59,0.6245353159851301,0
283,846,351,23,85,4,208,48,2.41025641025641,0
284,240,424,63,24,18,220,18,0.5660377358490566,0
285,183,102,29,15,2,102,30,1.7941176470588236,1
286,1950,504,43,23,10,61,55,3.869047619047619,1
287,57,670,67,153,85,425,43,0.08507462686567165,1
288,154,123,66,12,75,34,0,1.2520325203252032,0
289,540,488,24,65,14,5,34,1.1065573770491803,0
290,835,477,165,132,106,131,62,1.750524109014675,0
291,160,668,114,133,18,70,57,0.23952095808383234,0
292,183,369,27,13,12,314,23,0.4959349593495935,0
293,946,701,39,53,13,6,15,1.3495007132667618,0
294,318,697,101,64,18,234,22,0.4562410329985653,0
295,259,462,38,0,0,82,4,0.5606060606060606,1
296,73,623,111,0,1,272,20,0.11717495987158909,0
297,283,23,58,14,0,43,4,12.304347826086957,0
298,104,30,34,15,12,98,11,3.466666666666667,1
299,246,385,21,11,13,164,11,0.638961038961039,0
300,269,440,76,15,14,1415,5,0.6113636363636363,0
301,159,144,27,72,8,29,24,1.1041666666666667,0
302,1164,44,82,49,8,90,22,26.454545454545453,0
303,180,798,4,34,77,423,76,0.22556390977443608,0
304,1468,8,29,74,101,113,26,183.5,0
305,45,416,147,85,15,258,20,0.10817307692307693,0
306,1200,994,14,68,36,143,7,1.2072434607645874,0
307,113,514,25,44,63,158,13,0.2198443579766537,0
308,50,676,1,14,3,125,55,0.07396449704142012,1
309,364,843,11,13,14,141,34,0.431791221826809,0
310,1099,509,37,11,14,196,26,2.1591355599214146,1
311,211,99,10,84,14,36,22,2.1313131313131315,1
312,59,227,3,46,5,112,50,0.2599118942731278,0
313,748,524,77,53,14,179,12,1.4274809160305344,0
314,1585,748,164,15,17,234,29,2.1189839572192515,0
315,1329,159,112,80,8,208,27,8.358490566037736,0
316,1461,138,115,91,20,1216,4,10.58695652173913,0
317,319,431,15,12,0,162,28,0.740139211136891,0
318,56,649,7,99,52,554,1,0.08628659476117104,0
319,2266,73,53,10,16,59,28,31.041095890410958,1
320,1021,498,31,26,16,172,23,2.0502008032128516,0
321,71,598,36,14,11,870,56,0.11872909698996656,1
322,140,1126,54,24,10,171,14,0.12433392539964476,0
323,1520,582,50,52,61,538,12,2.611683848797251,1
324,80,359,166,41,17,181,15,0.22284122562674094,0
325,124,432,45,79,13,183,42,0.28703703703703703,0
326,1259,756,20,21,16,1167,40,1.6653439153439153,0
327,128,567,34,12,10,239,53,0.2257495590828924,1
328,80,750,33,10,13,206,48,0.10666666666666667,1
329,493,1465,35,34,4,136,21,0.336518771331058,0
330,158,194,49,131,15,134,19,0.8144329896907216,0
331,252,455,132,7,19,402,23,0.5538461538461539,0
332,52,598,53,106,18,232,5,0.08695652173913043,1
333,957,140,52,148,15,228,11,6.835714285714285,0
334,265,565,34,21,13,148,32,0.4690265486725664,1
335,77,537,52,25,5,257,9,0.14338919925512103,1
336,255,191,28,1,57,22,33,1.3350785340314135,1
337,1396,433,165,142,19,13,22,3.224018475750577,0
338,264,2337,14,18,0,191,37,0.11296534017971759,1
339,168,220,69,59,5,124,24,0.7636363636363637,0
340,463,1015,51,36,17,75,23,0.45615763546798027,0
341,311,426,26,46,8,259,10,0.7300469483568075,1
342,919,1025,9,8,17,281,46,0.8965853658536586,0
343,97,86,102,28,11,19,4,1.127906976744186,0
344,1323,503,100,0,7,85,14,2.6302186878727634,0
345,344,249,34,27,76,428,2,1.3815261044176708,0
346,191,280,43,12,16,193,3,0.6821428571428572,1
347,109,757,58,37,16,216,34,0.14398943196829592,0
348,397,279,25,36,17,323,49,1.4229390681003584,0
349,56,214,53,27,16,233,23,0.2616822429906542,0
350,1256,492,16,94,8,94,55,2.5528455284552845,0
351,231,1377,27,27,47,86,46,0.16775599128540306,0
352,148,9,46,109,2,8,56,16.444444444444443,0
353,162,588,20,84,62,231,14,0.2755102040816326,0
354,1016,26,47,129,21,55,2,39.07692307692308,1
355,806,459,15,73,10,25,69,1.7559912854030502,1
356,108,618,0,46,0,375,62,0.17475728155339806,1
357,100,360,16,55,11,236,53,0.2777777777777778,1
358,161,898,49,20,12,357,4,0.17928730512249444,0
359,17,242,40,10,6,156,54,0.07024793388429752,1
360,4,27,149,67,10,495,64,0.14814814814814814,1
361,49,56,141,30,13,296,28,0.875,0
362,1282,115,18,3,15,197,40,11.147826086956522,0
363,119,454,10,73,65,390,57,0.2621145374449339,0
364,289,65,8,36,0,58,29,4.446153846153846,1
365,178,264,20,11,88,82,10,0.6742424242424242,1
366,49,1455,56,68,18,206,8,0.03367697594501718,0
367,75,48,143,62,1,65,28,1.5625,1
368,307,116,112,57,10,200,0,2.646551724137931,1
369,1436,483,134,41,97,110,27,2.9730848861283645,1
370,657,202,149,53,17,278,50,3.2524752475247523,0
371,245,326,0,3,54,262,24,0.7515337423312883,1
372,897,462,48,4,12,46,42,1.9415584415584415,0
373,1726,46,38,148,16,256,18,37.52173913043478,0
374,398,454,112,21,11,209,7,0.8766519823788547,1
375,494,81,15,41,18,254,7,6.098765432098766,0
376,954,456,41,39,14,254,24,2.0921052631578947,0
377,36,665,49,65,20,201,15,0.05413533834586466,1
378,12,504,147,88,15,163,9,0.023809523809523808,0
379,149,948,36,33,9,196,60,0.1571729957805907,0
380,359,2088,49,15,16,206,18,0.17193486590038315,0
381,351,47,35,120,20,130,4,7.468085106382978,0
382,87,607,123,96,3,88,52,0.14332784184514002,0
383,107,89,80,88,20,123,6,1.202247191011236,0
384,69,312,42,56,16,1065,23,0.22115384615384615,1
385,197,449,53,26,20,481,1,0.43875278396436523,0
386,1108,379,29,15,11,223,27,2.9234828496042216,0
387,225,993,3,57,46,614,53,0.22658610271903323,0
388,1408,181,46,41,21,1728,20,7.779005524861878,1
389,978,47,22,38,97,315,7,20.80851063829787,0
390,739,879,27,48,62,60,18,0.8407281001137656,1
391,802,79,27,48,15,98,7,10.151898734177216,0
392,291,502,95,106,81,95,38,0.5796812749003984,0
393,69,542,24,20,9,87,51,0.12730627306273062,0
394,78,835,8,19,8,568,58,0.09341317365269461,0
395,117,182,6,38,7,975,13,0.6428571428571429,0
396,44,1285,59,37,2,10,3,0.034241245136186774,0
397,97,79,49,33,16,178,26,1.2278481012658229,0
398,163,103,52,5,7,304,32,1.5825242718446602,1
399,11,1233,9,17,7,36,46,0.008921330089213302,1
400,58,81,38,101,12,185,12,0.7160493827160493,1
401,864,467,13,36,92,411,4,1.8501070663811563,1
402,354,568,19,12,11,103,5,0.6232394366197183,0
403,111,509,53,156,14,13,47,0.2180746561886051,1
404,206,390,5,27,87,41,4,0.5282051282051282,0
405,607,571,181,76,56,57,36,1.063047285464098,0
406,777,396,83,64,85,176,38,1.9621212121212122,0
407,471,742,27,46,41,1682,5,0.6347708894878706,0
408,1881,199,0,54,100,76,4,9.452261306532664,1
409,23,77,44,65,45,750,8,0.2987012987012987,0
410,1271,500,45,93,8,229,28,2.542,1
411,154,377,66,184,16,886,3,0.40848806366047746,0
412,976,251,0,75,11,220,20,3.8884462151394423,0
413,571,591,1,82,19,87,49,0.9661590524534687,1
414,194,442,158,55,78,35,30,0.43891402714932126,0
415,186,257,137,23,9,511,38,0.7237354085603113,1
416,911,467,36,97,15,49,17,1.9507494646680943,0
417,165,551,13,28,19,615,59,0.29945553539019965,1
418,402,454,92,6,108,119,26,0.8854625550660793,0
419,38,248,32,65,9,98,7,0.1532258064516129,1
420,131,58,85,116,102,480,13,2.2586206896551726,0
421,370,542,0,71,14,68,54,0.6826568265682657,0
422,270,399,37,9,15,121,30,0.6766917293233082,1
423,167,103,113,31,14,226,61,1.6213592233009708,0
424,62,660,3,112,42,148,43,0.09393939393939393,0
425,215,1354,50,26,59,367,59,0.1587887740029542,0
426,366,977,55,25,9,8,19,0.37461617195496416,0
427,1743,402,86,35,14,208,7,4.335820895522388,0
428,47,302,109,32,18,199,7,0.15562913907284767,0
429,1165,107,12,76,2,35,7,10.88785046728972,0
430,1801,1723,14,43,12,37,3,1.0452698781195588,0
431,225,462,160,67,16,293,14,0.487012987012987,1
432,1386,718,96,2,4,134,10,1.9303621169916434,0
433,279,371,16,42,7,270,39,0.7520215633423181,0
434,160,204,87,49,93,163,57,0.7843137254901961,1
435,327,113,46,44,94,13,11,2.893805309734513,0
436,192,520,121,9,8,142,6,0.36923076923076925,0
437,26,430,51,32,11,188,33,0.06046511627906977,1
438,1501,422,67,39,16,156,3,3.556872037914692,1
439,292,105,45,34,13,231,35,2.780952380952381,0
440,359,127,78,82,5,131,2,2.826771653543307,0
441,85,1309,13,90,84,96,8,0.06493506493506493,1
442,268,57,49,34,12,208,58,4.701754385964913,1
443,1641,42,34,85,43,219,7,39.07142857142857,0
444,63,1234,46,3,10,183,65,0.051053484602917344,1
445,396,146,119,48,67,733,13,2.712328767123288,0
446,224,143,20,24,91,598,6,1.5664335664335665,0
447,250,249,48,26,14,279,61,1.0040160642570282,1
448,149,112,13,3,3,875,59,1.3303571428571428,1
449,127,517,30,63,5,89,52,0.24564796905222436,0
450,181,1944,7,64,12,20,10,0.09310699588477367,0
451,240,32,34,70,93,248,5,7.5,1
452,274,2070,7,1,68,75,35,0.1323671497584541,1
453,334,816,28,96,15,347,13,0.40931372549019607,0
454,2210,1544,4,48,9,271,22,1.4313471502590673,0
455,204,1537,23,84,3,79,18,0.13272608978529604,0
456,1595,320,13,48,14,38,49,4.984375,0
457,54,646,10,83,0,9,41,0.08359133126934984,0
458,498,787,151,15,83,409,7,0.6327827191867853,0
459,97,702,8,25,10,65,2,0.13817663817663817,0
460,276,716,77,32,5,197,65,0.3854748603351955,0
461,1005,1153,107,45,38,35,6,0.8716392020815265,1
462,276,449,142,73,12,50,6,0.6146993318485523,0
463,236,206,113,74,59,42,10,1.145631067961165,0
464,171,81,31,11,19,42,24,2.111111111111111,1
465,78,227,58,55,20,91,28,0.3436123348017621,1
466,258,727,58,20,98,12,24,0.35488308115543327,0
467,186,539,3,3,4,168,18,0.3450834879406308,1
468,249,231,7,74,68,31,5,1.077922077922078,0
469,395,292,25,9,17,20,3,1.3527397260273972,0
470,208,197,52,15,15,139,14,1.0558375634517767,1
471,1604,234,0,18,12,194,51,6.854700854700854,1
472,310,173,31,38,26,34,35,1.7919075144508672,1
473,456,460,46,110,10,60,30,0.991304347826087,0
474,1711,362,26,33,19,193,1,4.726519337016574,1
475,414,98,53,59,14,517,21,4.224489795918367,0
476,663,653,78,20,16,63,14,1.0153139356814702,0
477,465,417,49,67,111,570,5,1.1151079136690647,1
478,212,610,40,65,18,793,14,0.3475409836065574,1
479,32,698,21,28,5,181,55,0.045845272206303724,0
480,1334,977,110,12,90,70,3,1.3654042988741044,0
481,789,632,74,54,30,641,14,1.2484177215189873,1
482,382,1809,46,68,11,135,13,0.2111663902708679,1
483,1149,118,26,57,50,99,1,9.73728813559322,1
484,399,306,3,45,80,2,46,1.303921568627451,1
485,315,375,53,15,16,88,30,0.84,0
486,145,173,29,1,13,42,26,0.838150289017341,1
487,1252,394,49,75,11,17,30,3.1776649746192893,1
488,334,538,82,22,9,158,11,0.620817843866171,0
489,364,195,22,68,18,1181,8,1.8666666666666667,0
490,1989,761,33,81,7,63,11,2.6136662286465175,1
491,204,292,56,100,106,68,41,0.6986301369863014,1
492,1041,324,147,170,17,110,46,3.212962962962963,0
493,340,1613,24,24,7,8,53,0.21078735275883448,0
494,453,527,6,37,16,516,0,0.8595825426944972,0
495,19,83,35,60,18,1213,34,0.2289156626506024,1
496,986,226,43,56,9,247,6,4.3628318584070795,0
497,61,432,60,1,3,265,45,0.1412037037037037,1
498,430,273,27,66,15,249,31,1.575091575091575,0
499,1911,662,38,98,21,33,35,2.8867069486404833,0
500,65,2171,3,37,15,18,64,0.029940119760479042,1
501,159,728,87,39,5,297,43,0.2184065934065934,0
502,1851,334,45,13,16,2,42,5.541916167664671,0
503,390,845,115,96,8,472,26,0.46153846153846156,0
504,324,1422,10,11,12,20,62,0.22784810126582278,1
505,199,658,2,13,14,163,28,0.30243161094224924,0
506,386,1266,12,43,94,72,41,0.3048973143759874,0
507,19,397,32,45,15,469,9,0.04785894206549118,0
508,843,299,43,27,12,262,53,2.819397993311037,1
509,72,458,55,9,13,382,17,0.1572052401746725,0
510,675,385,30,35,14,145,8,1.7532467532467533,1
511,132,458,9,59,74,113,19,0.28820960698689957,0
512,66,444,31,39,13,767,27,0.14864864864864866,0
513,254,522,21,5,6,40,64,0.48659003831417624,0
514,720,309,18,15,17,180,3,2.3300970873786406,0
515,87,602,36,13,50,24,20,0.14451827242524917,1
516,101,54,52,14,0,367,15,1.8703703703703705,1
517,1209,269,18,26,51,73,5,4.4944237918215615,1
518,814,725,46,63,17,329,48,1.1227586206896552,0
519,301,211,90,73,16,45,8,1.4265402843601895,0
520,759,57,30,42,34,215,48,13.31578947368421,0
521,427,692,9,93,9,305,2,0.6170520231213873,1
522,1653,137,114,3,21,192,26,12.065693430656934,0
523,139,457,47,52,14,63,45,0.3041575492341357,0
524,1453,752,11,40,7,83,0,1.9321808510638299,1
525,731,1108,24,6,60,47,22,0.6597472924187726,0
526,53,817,5,91,10,73,7,0.06487148102815178,0
527,84,131,37,69,17,1127,2,0.6412213740458015,0
528,214,102,132,0,14,149,21,2.0980392156862746,1
529,286,428,24,1,15,112,13,0.6682242990654206,1
530,460,297,184,140,7,283,10,1.5488215488215489,0
531,429,629,110,139,116,96,14,0.6820349761526232,0
532,164,648,42,47,63,17,29,0.25308641975308643,0
533,1517,54,49,16,17,12,42,28.09259259259259,0
534,432,232,134,60,55,179,31,1.8620689655172413,1
535,361,1400,14,40,101,53,9,0.25785714285714284,0
536,167,413,117,15,12,106,34,0.4043583535108959,0
537,413,115,22,67,11,477,5,3.591304347826087,1
538,36,684,45,101,2,95,41,0.05263157894736842,1
539,7,177,36,111,106,267,13,0.03954802259887006,0
540,298,258,152,132,17,22,11,1.1550387596899225,0
541,402,618,48,48,95,30,11,0.6504854368932039,1
542,0,508,27,13,40,211,16,0.0,0
543,100,343,23,28,15,43,5,0.2915451895043732,1
544,200,758,33,41,14,17,12,0.2638522427440633,0
545,1980,328,30,72,97,72,15,6.036585365853658,0
546,900,580,10,33,11,223,56,1.5517241379310345,0
547,398,1041,55,91,16,309,7,0.38232468780019213,1
548,227,19,27,12,12,181,25,11.947368421052632,1
549,1513,914,89,8,14,70,64,1.6553610503282277,0
550,265,266,132,45,12,223,6,0.9962406015037594,0
551,229,139,24,30,2,214,37,1.6474820143884892,1
552,511,805,48,49,15,1130,25,0.6347826086956522,1
553,2,1139,47,2,7,183,8,0.001755926251097454,0
554,1045,174,61,43,7,9,27,6.005747126436781,0
555,896,842,151,129,18,97,2,1.0641330166270784,1
556,5,481,18,21,1,877,7,0.010395010395010396,0
557,1388,71,104,33,3,50,23,19.549295774647888,1
558,384,165,36,49,108,136,18,2.327272727272727,1
559,2154,1802,60,32,3,63,4,1.195338512763596,1
560,933,265,96,3,39,38,45,3.520754716981132,0
561,639,476,117,110,10,232,25,1.3424369747899159,1
562,121,168,38,83,16,782,10,0.7202380952380952,1
563,1176,184,93,131,16,135,23,6.391304347826087,0
564,376,85,46,78,15,123,23,4.423529411764706,1
565,234,71,15,102,1,50,27,3.295774647887324,0
566,109,334,64,50,18,120,5,0.3263473053892216,0
567,990,613,44,0,4,68,44,1.6150081566068515,0
568,397,592,47,34,64,1144,13,0.6706081081081081,0
569,537,460,96,46,12,62,31,1.1673913043478261,1
570,4,350,41,44,16,260,14,0.011428571428571429,0
571,1124,2,31,90,35,1228,16,562.0,0
572,59,158,53,19,53,42,54,0.37341772151898733,0
573,313,1735,83,62,1,26,15,0.18040345821325648,0
574,2187,500,19,14,15,1114,18,4.374,0
575,147,701,157,75,9,182,25,0.20970042796005706,0
576,374,230,64,43,20,413,2,1.626086956521739,0
577,32,273,21,6,101,193,12,0.11721611721611722,0
578,19,304,15,15,50,84,12,0.0625,0
579,345,110,22,60,18,67,26,3.1363636363636362,1
580,82,367,105,60,17,210,36,0.22343324250681199,0
581,199,811,61,77,8,118,45,0.24537607891491986,1
582,189,470,55,9,16,1342,9,0.4021276595744681,0
583,243,94,113,48,64,89,23,2.5851063829787235,0
584,426,422,140,65,16,73,7,1.009478672985782,1
585,121,325,36,55,14,187,6,0.3723076923076923,0
586,673,367,10,88,11,677,28,1.8337874659400546,0
587,752,162,58,120,109,137,3,4.6419753086419755,0
588,686,250,15,77,12,681,53,2.744,0
589,1582,65,26,27,10,229,38,24.338461538461537,0
590,953,397,28,27,20,52,8,2.4005037783375314,1
591,361,153,2,2,39,302,8,2.3594771241830066,0
592,281,467,55,71,13,176,26,0.6017130620985011,0
593,261,279,117,66,95,793,36,0.9354838709677419,1
594,858,277,3,13,51,201,13,3.0974729241877257,1
595,349,195,19,63,19,70,4,1.7897435897435898,1
596,47,400,36,51,6,366,51,0.1175,1
597,359,434,32,43,20,75,2,0.8271889400921659,0
598,258,537,57,14,39,512,37,0.48044692737430167,1
599,534,62,118,2,14,24,17,8.612903225806452,0
600,2,145,59,153,20,189,56,0.013793103448275862,0
601,747,433,73,47,4,348,30,1.7251732101616628,1
602,388,543,46,5,82,208,25,0.714548802946593,0
603,1472,1448,135,32,17,106,12,1.0165745856353592,1
604,204,307,35,8,16,261,29,0.6644951140065146,0
605,2012,165,128,25,91,145,15,12.193939393939393,1
606,330,1768,14,9,60,60,17,0.18665158371040724,0
607,364,213,150,4,17,268,39,1.7089201877934272,1
608,176,27,177,116,16,138,21,6.518518518518518,0
609,5,331,52,70,75,1509,70,0.015105740181268883,0
610,402,292,43,31,81,159,10,1.3767123287671232,0
611,1182,803,141,106,12,102,3,1.4719800747198009,0
612,244,634,15,40,12,236,23,0.38485804416403785,0
613,363,534,121,61,92,213,1,0.6797752808988764,0
614,57,426,87,38,2,22,24,0.13380281690140844,0
615,367,575,58,66,21,184,13,0.6382608695652174,0
616,0,255,47,101,14,49,24,0.0,0
617,13,109,44,97,12,78,46,0.11926605504587157,1
618,210,8,16,8,13,13,25,26.25,0
619,1383,1079,126,68,18,244,38,1.2817423540315107,1
620,1685,210,46,24,14,515,18,8.023809523809524,1
621,1243,457,21,9,11,53,35,2.719912472647702,1
622,196,384,54,2,81,1,8,0.5104166666666666,0
623,170,609,12,8,54,6,36,0.2791461412151067,1
624,112,431,35,67,73,293,9,0.25986078886310904,0
625,1383,1385,96,111,18,7,10,0.9985559566787003,0
626,1478,932,61,66,19,9,35,1.5858369098712446,1
627,199,119,35,33,10,50,46,1.6722689075630253,1
628,268,1796,111,76,13,190,31,0.1492204899777283,0
629,885,149,15,57,12,184,47,5.939597315436242,1
630,1,768,90,61,12,656,45,0.0013020833333333333,0
631,701,788,12,3,59,210,72,0.8895939086294417,0
632,932,52,121,108,18,901,24,17.923076923076923,1
633,1455,431,41,42,17,94,27,3.3758700696055683,0
634,209,155,153,18,15,114,3,1.3483870967741935,0
635,287,668,13,11,14,192,72,0.4296407185628742,0
636,308,483,3,107,19,1929,3,0.6376811594202898,0
637,1815,366,46,67,76,826,31,4.959016393442623,1
638,1433,278,51,51,19,152,25,5.154676258992806,0
639,1851,1281,20,9,19,37,11,1.4449648711943794,1
640,127,1762,75,109,14,1227,8,0.0720771850170261,0
641,311,637,16,12,12,130,14,0.48822605965463106,0
642,464,287,41,35,17,125,33,1.6167247386759582,1
643,55,453,84,54,9,224,13,0.12141280353200883,1
644,966,146,50,56,5,39,58,6.616438356164384,1
645,480,1035,119,37,7,1011,28,0.463768115942029,1
646,171,313,126,61,41,795,28,0.5463258785942492,1
647,569,457,29,99,11,959,47,1.2450765864332605,0
648,208,175,5,53,12,662,54,1.1885714285714286,0
649,10,321,184,144,74,1394,8,0.03115264797507788,0
650,100,72,26,11,66,1378,43,1.3888888888888888,1
651,229,337,91,29,95,618,1,0.6795252225519288,1
652,73,1040,33,80,14,154,49,0.07019230769230769,1
653,56,584,117,38,70,271,16,0.0958904109589041,0
654,263,447,23,28,2,184,40,0.5883668903803132,1
655,7,442,19,77,6,251,54,0.01583710407239819,0
656,171,58,163,35,12,534,54,2.9482758620689653,0
657,1283,243,70,52,17,43,1,5.279835390946502,1
658,234,11,37,28,11,1238,13,21.272727272727273,1
659,38,599,21,0,14,347,15,0.06343906510851419,0
660,89,164,56,26,0,215,34,0.5426829268292683,0
661,1671,556,49,84,89,258,13,3.0053956834532376,1
662,165,1348,91,89,16,33,4,0.12240356083086053,1
663,435,293,19,92,6,21,13,1.484641638225256,0
664,118,568,14,114,20,467,41,0.20774647887323944,1
665,2007,493,22,74,12,187,50,4.070993914807302,1
666,320,843,134,40,18,97,8,0.37959667852906287,0
667,347,331,24,47,1,76,41,1.0483383685800605,0
668,1143,371,39,65,4,120,40,3.0808625336927222,1
669,93,428,61,50,19,276,23,0.21728971962616822,1
670,26,857,0,60,12,645,40,0.030338389731621937,0
671,1359,15,5,66,10,480,13,90.6,1
672,6,702,5,100,10,228,59,0.008547008547008548,0
673,1320,793,11,6,11,224,20,1.664564943253468,0
674,586,405,6,6,14,4,8,1.4469135802469135,0
675,317,629,30,147,16,9,23,0.5039745627980922,0
676,401,419,92,65,42,97,23,0.9570405727923628,0
677,548,463,13,6,12,232,3,1.183585313174946,0
678,396,369,52,54,17,248,8,1.0731707317073171,0
679,442,1503,39,14,88,82,24,0.2940785096473719,1
680,1539,312,83,57,6,152,43,4.9326923076923075,1
681,27,278,33,4,14,19,39,0.09712230215827339,0
682,1186,1267,41,87,8,155,29,0.936069455406472,1
683,1695,688,38,63,15,199,21,2.4636627906976742,1
684,1144,646,44,58,14,183,19,1.7708978328173375,0
685,76,1729,41,33,11,1819,52,0.04395604395604396,1
686,405,299,14,13,110,140,4,1.354515050167224,0
687,152,868,54,26,9,656,22,0.17511520737327188,0
688,150,723,6,43,51,876,10,0.2074688796680498,1
689,180,1640,62,167,10,104,48,0.10975609756097561,0
690,211,219,27,15,15,26,0,0.9634703196347032,0
691,1732,688,7,27,8,113,2,2.5174418604651163,0
692,1049,514,40,12,10,174,35,2.0408560311284045,0
693,351,144,14,90,8,62,24,2.4375,0
694,70,1506,46,59,71,117,18,0.04648074369189907,0
695,369,908,49,2,5,97,46,0.4063876651982379,0
696,1759,477,15,56,86,388,0,3.6876310272536688,0
697,1694,700,33,20,17,1168,37,2.42,1
698,173,218,11,53,17,300,10,0.7935779816513762,1
699,366,490,15,1,1,188,17,0.746938775510204,0
700,64,40,101,11,15,279,11,1.6,0
701,24,278,45,9,36,150,40,0.08633093525179857,1
702,155,24,114,80,15,79,6,6.458333333333333,1
703,114,420,0,39,11,777,9,0.2714285714285714,0
704,1209,120,31,69,9,738,50,10.075,1
705,34,362,17,67,79,146,22,0.09392265193370165,0
706,396,1028,23,32,14,36,13,0.3852140077821012,0
707,699,445,64,14,95,5,21,1.5707865168539326,1
708,78,1417,119,78,0,0,5,0.05504587155963303,0
709,259,421,1,11,16,273,2,0.6152019002375297,1
710,1511,66,22,64,16,38,10,22.893939393939394,0
711,245,252,49,72,112,63,2,0.9722222222222222,0
712,2001,89,42,18,11,48,6,22.48314606741573,0
713,34,474,49,44,13,360,49,0.07172995780590717,0
714,308,513,49,48,14,181,2,0.6003898635477583,0
715,59,36,51,41,16,183,21,1.6388888888888888,0
716,204,408,88,13,12,311,15,0.5,0
717,342,393,100,30,13,62,15,0.8702290076335878,0
718,337,583,10,82,3,120,58,0.5780445969125214,1
719,100,115,2,82,15,1399,23,0.8695652173913043,0
720,284,243,131,73,11,842,16,1.168724279835391,0
721,131,541,93,66,14,144,26,0.24214417744916822,1
722,343,293,162,111,13,54,19,1.1706484641638226,0
723,230,347,3,62,68,562,28,0.6628242074927954,0
724,111,209,10,110,5,26,18,0.5311004784688995,0
725,1710,356,1,38,44,91,38,4.803370786516854,0
726,1408,332,153,30,34,142,1,4.240963855421687,1
727,738,278,9,100,11,161,39,2.6546762589928057,1
728,254,926,63,92,5,29,58,0.27429805615550756,1
729,516,76,4,5,18,300,41,6.7894736842105265,0
730,150,564,30,90,10,1125,36,0.26595744680851063,1
731,1385,454,28,77,65,977,32,3.050660792951542,1
732,401,281,148,45,14,49,51,1.4270462633451957,1
733,501,533,52,35,5,267,31,0.9399624765478424,1
734,1013,5,24,94,8,113,21,202.6,0
735,134,282,39,23,36,17,28,0.475177304964539,0
736,90,865,29,74,10,122,6,0.10404624277456648,0
737,60,863,59,23,7,235,50,0.06952491309385864,1
738,1173,140,77,59,12,131,42,8.378571428571428,0
739,341,147,38,104,15,65,3,2.3197278911564627,1
740,204,383,0,87,7,7,31,0.5326370757180157,0
741,1831,540,59,119,18,177,21,3.390740740740741,0
742,437,314,17,30,36,888,11,1.39171974522293,0
743,80,876,59,59,16,424,6,0.091324200913242,0
744,81,221,5,37,16,194,6,0.3665158371040724,0
745,260,272,95,65,15,178,5,0.9558823529411765,0
746,1618,583,29,43,69,276,24,2.775300171526587,1
747,1400,537,0,10,13,175,1,2.60707635009311,0
748,36,189,74,57,16,349,4,0.19047619047619047,1
749,247,501,36,58,85,52,28,0.4930139720558882,0
750,249,1262,11,2,17,123,32,0.19730586370839936,0
751,163,99,130,64,14,135,48,1.6464646464646464,1
752,146,501,23,4,33,306,7,0.29141716566866266,0
753,2213,101,135,36,43,241,2,21.91089108910891,0
754,1302,474,52,87,4,1048,0,2.7468354430379747,0
755,1253,1420,28,47,108,294,24,0.8823943661971831,0
756,3,833,12,14,11,267,59,0.003601440576230492,0
757,245,215,55,6,64,135,25,1.1395348837209303,1
758,127,522,15,13,5,95,72,0.24329501915708812,0
759,37,1298,142,105,110,315,11,0.028505392912172575,0
760,226,440,10,24,2,224,40,0.5136363636363637,0
761,329,532,2,9,7,256,41,0.618421052631579,1
762,159,365,22,95,14,641,0,0.43561643835616437,0
763,233,557,15,54,13,1046,63,0.41831238779174146,0
764,279,968,55,3,13,11,34,0.2882231404958678,0
765,533,523,15,50,17,644,24,1.0191204588910134,1
766,291,632,117,49,80,49,36,0.46044303797468356,0
767,1597,904,138,47,11,132,21,1.7665929203539823,0
768,188,221,30,76,14,26,30,0.8506787330316742,1
769,72,391,41,21,8,288,35,0.18414322250639387,1
770,21,825,135,150,12,238,31,0.025454545454545455,0
771,446,709,23,34,14,128,22,0.6290550070521862,0
772,350,298,33,75,17,41,37,1.174496644295302,0
773,333,706,53,182,20,657,45,0.471671388101983,0
774,258,369,158,190,19,122,58,0.6991869918699187,0
775,4,13,68,119,9,66,24,0.3076923076923077,0
776,1891,562,12,0,17,951,8,3.3647686832740216,1
777,439,223,45,139,19,94,28,1.968609865470852,1
778,1861,556,57,20,20,39,7,3.347122302158273,0
779,243,213,172,78,2,194,16,1.1408450704225352,0
780,107,148,163,32,37,217,47,0.722972972972973,1
781,298,483,23,72,11,112,34,0.6169772256728778,0
782,203,102,50,6,9,435,16,1.9901960784313726,0
783,1814,400,137,18,5,7,35,4.535,0
784,696,284,13,18,95,26,28,2.4507042253521125,0
785,1455,300,64,7,13,41,15,4.85,0
786,182,1064,6,77,14,24,9,0.17105263157894737,0
787,180,1502,21,17,8,264,4,0.11984021304926765,1
788,248,84,11,58,12,173,19,2.9523809523809526,1
789,274,432,101,49,10,3,23,0.6342592592592593,1
790,121,537,130,7,13,91,7,0.22532588454376165,0
791,1782,219,50,38,15,400,26,8.136986301369863,0
792,2,614,42,16,7,98,44,0.003257328990228013,0
793,29,397,1,25,8,1675,21,0.07304785894206549,0
794,14,145,20,68,16,129,25,0.09655172413793103,0
795,1047,748,29,32,2,109,1,1.3997326203208555,0
796,65,112,49,20,57,718,21,0.5803571428571429,0
797,122,581,22,4,16,13,37,0.2099827882960413,0
798,361,723,31,2,2,1,22,0.49930843706777317,0
799,123,378,150,131,18,148,29,0.3253968253968254,0
800,700,1871,103,6,13,124,24,0.3741314804917157,0
801,64,321,108,52,1,794,53,0.19937694704049844,0
802,278,401,108,26,2,650,2,0.6932668329177057,0
803,266,961,144,49,18,888,35,0.2767950052029136,0
804,423,557,161,53,11,49,23,0.7594254937163375,1
805,1610,504,108,109,13,356,20,3.1944444444444446,1
806,343,70,45,111,19,132,15,4.9,1
807,1255,336,108,99,94,631,23,3.7351190476190474,1
808,484,682,11,72,7,55,26,0.7096774193548387,1
809,426,532,3,66,13,360,45,0.8007518796992481,0
810,69,16,43,47,14,1168,0,4.3125,0
811,376,533,119,51,0,7,29,0.7054409005628518,0
812,263,204,45,2,86,49,32,1.2892156862745099,0
813,1284,18,55,39,3,146,12,71.33333333333333,0
814,91,564,22,86,7,41,58,0.16134751773049646,0
815,247,279,5,51,12,100,43,0.8853046594982079,0
816,269,83,75,77,46,110,4,3.2409638554216866,0
817,1883,368,5,36,8,223,9,5.116847826086956,1
818,810,332,52,20,18,1,14,2.4397590361445785,1
819,207,205,103,12,11,219,41,1.0097560975609756,0
820,1626,620,92,90,19,32,6,2.6225806451612903,1
821,93,1878,34,8,83,104,9,0.04952076677316294,0
822,24,246,67,56,15,95,11,0.0975609756097561,0
823,336,738,19,55,13,142,32,0.45528455284552843,1
824,324,586,149,97,15,55,27,0.552901023890785,0
825,267,323,8,94,8,26,17,0.826625386996904,1
826,148,778,90,44,9,1128,43,0.19023136246786632,1
827,103,667,155,3,5,332,2,0.15442278860569716,1
828,48,668,10,62,1,140,41,0.0718562874251497,1
829,1562,372,27,54,48,155,14,4.198924731182796,0
830,225,215,3,10,17,386,4,1.0465116279069768,0
831,1755,32,45,32,17,461,34,54.84375,0
832,791,217,9,85,17,45,24,3.6451612903225805,1
833,223,191,14,97,75,16,37,1.1675392670157068,1
834,328,94,44,72,101,151,3,3.4893617021276597,0
835,1234,342,145,31,7,116,7,3.608187134502924,0
836,379,590,10,21,6,1336,13,0.6423728813559322,0
837,333,336,21,48,11,63,50,0.9910714285714286,0
838,175,484,48,3,11,5,54,0.3615702479338843,0
839,88,1355,32,36,6,69,0,0.06494464944649446,0
840,18,1552,36,46,11,753,40,0.011597938144329897,1
841,195,1674,4,98,13,111,51,0.11648745519713262,1
842,1074,342,26,24,12,92,25,3.1403508771929824,0
843,446,801,66,73,5,555,21,0.5568039950062422,1
844,298,375,23,63,9,3,36,0.7946666666666666,1
845,356,651,50,28,8,32,33,0.5468509984639017,0
846,443,497,126,92,0,565,43,0.8913480885311871,1
847,2113,560,34,92,17,221,21,3.773214285714286,1
848,342,11,60,188,16,47,17,31.09090909090909,0
849,1689,673,43,1,95,473,26,2.5096582466567607,0
850,266,1267,43,12,15,149,10,0.20994475138121546,0
851,342,283,45,74,12,250,2,1.2084805653710247,0
852,1321,146,10,39,66,53,48,9.047945205479452,0
853,944,1449,25,49,13,60,21,0.6514837819185645,1
854,233,517,7,60,11,51,14,0.4506769825918762,1
855,66,137,94,37,16,54,8,0.48175182481751827,1
856,136,124,32,62,9,143,44,1.096774193548387,1
857,919,296,97,20,12,904,66,3.10472972972973,1
858,301,671,7,104,14,34,73,0.4485842026825633,0
859,32,1343,13,43,6,43,26,0.023827252419955324,1
860,1003,424,119,60,5,116,70,2.365566037735849,1
861,1359,11,57,117,64,16,1,123.54545454545455,0
862,246,1806,126,167,16,239,45,0.1362126245847176,0
863,200,543,17,73,19,781,1,0.3683241252302026,1
864,372,34,55,74,13,20,21,10.941176470588236,0
865,995,237,26,59,91,240,45,4.198312236286919,0
866,1572,1381,84,19,13,17,55,1.1383055756698044,0
867,278,297,39,26,18,30,5,0.936026936026936,0
868,339,638,27,42,9,157,46,0.5313479623824452,1
869,341,393,14,4,86,202,29,0.8676844783715013,0
870,1068,633,71,57,18,864,50,1.6872037914691944,0
871,278,525,14,54,23,187,54,0.5295238095238095,0
872,25,1232,4,14,62,76,34,0.020292207792207792,1
873,460,461,60,5,59,556,15,0.9978308026030369,1
874,1597,401,93,23,4,8,14,3.9825436408977555,0
875,141,702,97,86,11,88,13,0.20085470085470086,1
876,915,201,93,145,21,1,38,4.552238805970149,1
877,24,1114,13,70,8,20,23,0.02154398563734291,1
878,197,1688,25,49,2,228,48,0.11670616113744076,0
879,28,462,162,71,62,474,34,0.06060606060606061,0
880,2110,246,11,9,16,304,1,8.577235772357724,0
881,94,234,19,67,0,142,15,0.4017094017094017,0
882,1095,745,19,30,6,0,53,1.4697986577181208,0
883,305,287,51,39,68,261,6,1.0627177700348431,0
884,360,644,28,57,54,186,19,0.5590062111801242,0
885,258,1452,2,27,9,115,27,0.17768595041322313,0
886,104,188,93,146,75,106,5,0.5531914893617021,1
887,123,370,28,44,16,682,17,0.3324324324324324,0
888,64,3,12,24,6,580,3,21.333333333333332,1
889,1149,320,12,66,82,159,43,3.590625,0
890,1151,340,90,32,67,1573,30,3.385294117647059,1
891,264,1182,44,42,8,180,69,0.2233502538071066,0
892,1325,245,51,41,16,59,17,5.408163265306122,0
893,1296,655,35,85,16,210,20,1.9786259541984732,0
894,117,623,11,18,2,73,29,0.18780096308186195,0
895,1592,188,73,7,13,98,11,8.46808510638298,0
896,442,572,62,31,94,9,5,0.7727272727272727,1
897,964,250,93,61,49,1012,8,3.856,1
898,138,616,44,10,96,130,26,0.22402597402597402,1
899,0,925,94,9,4,273,20,0.0,0
900,288,390,159,30,98,451,11,0.7384615384615385,0
901,1109,99,49,12,14,1355,42,11.202020202020202,1
902,1312,452,48,112,18,228,29,2.9026548672566372,0
903,922,666,9,6,14,1205,41,1.3843843843843844,0
904,1069,475,76,9,13,1411,2,2.2505263157894735,0
905,425,646,26,38,1,625,48,0.6578947368421053,0
906,22,1565,23,12,88,212,22,0.014057507987220448,1
907,219,721,57,22,20,993,38,0.30374479889042993,1
908,1459,1019,35,24,14,33,39,1.4317958783120706,0
909,799,680,41,72,14,8,34,1.175,0
910,275,482,41,7,15,138,2,0.5705394190871369,0
911,393,3,49,29,14,41,34,131.0,1
912,1719,261,92,90,19,597,6,6.586206896551724,0
913,277,180,162,141,81,6,18,1.538888888888889,1
914,93,30,77,19,9,63,25,3.1,1
915,400,356,64,67,17,41,18,1.1235955056179776,1
916,105,833,53,29,15,151,10,0.12605042016806722,0
917,1148,168,9,23,13,44,36,6.833333333333333,0
918,163,352,131,68,12,257,1,0.4630681818181818,0
919,27,630,12,72,6,645,50,0.04285714285714286,1
920,66,1680,55,123,8,1030,3,0.039285714285714285,0
921,1138,579,97,50,13,0,26,1.9654576856649395,0
922,900,37,120,20,88,518,5,24.324324324324323,0
923,1817,137,17,48,56,179,24,13.262773722627736,0
924,93,977,23,63,16,111,33,0.09518935516888434,1
925,791,429,141,43,85,134,60,1.843822843822844,0
926,301,469,45,60,10,62,20,0.6417910447761194,0
927,993,122,174,34,74,757,17,8.139344262295081,0
928,33,591,53,22,11,57,2,0.05583756345177665,1
929,195,203,43,36,19,92,6,0.9605911330049262,0
930,127,393,2,104,14,82,13,0.3231552162849873,0
931,116,647,0,37,7,270,65,0.17928902627511592,0
932,1340,527,29,135,17,40,22,2.5426944971537,0
933,116,56,44,42,17,656,15,2.0714285714285716,0
934,70,779,79,25,9,62,39,0.08985879332477535,0
935,32,179,13,5,11,117,20,0.1787709497206704,0
936,1529,441,4,83,12,113,32,3.4671201814058956,0
937,341,569,12,68,6,68,26,0.5992970123022847,1
938,144,38,57,85,100,96,42,3.789473684210526,1
939,1,59,106,11,12,365,9,0.01694915254237288,0
940,559,610,45,49,2,67,11,0.9163934426229509,1
941,351,394,62,129,16,1056,54,0.8908629441624365,1
942,538,158,50,15,13,139,1,3.4050632911392404,1
943,1757,1726,101,95,11,158,17,1.017960602549247,0
944,1096,625,66,51,3,175,9,1.7536,0
945,396,807,37,1,7,147,12,0.49070631970260226,0
946,113,825,33,65,13,98,37,0.13696969696969696,0
947,358,736,21,1,6,281,22,0.48641304347826086,0
948,1522,1143,67,81,19,244,23,1.331583552055993,0
949,55,677,5,41,10,656,15,0.08124076809453472,1
950,99,143,47,24,12,187,58,0.6923076923076923,0
951,634,628,41,154,11,272,21,1.0095541401273886,0
952,565,252,38,39,11,193,39,2.242063492063492,0
953,10,749,26,46,8,250,4,0.01335113484646195,1
954,195,494,10,23,12,90,51,0.39473684210526316,0
955,79,475,54,40,13,653,8,0.16631578947368422,0
956,253,439,126,43,104,212,12,0.5763097949886105,0
957,123,370,30,47,90,197,31,0.3324324324324324,0
958,1112,1356,34,35,7,114,52,0.8200589970501475,1
959,1650,214,17,14,9,180,35,7.710280373831775,0
960,211,517,61,29,15,63,34,0.4081237911025145,0
961,192,594,154,40,88,50,52,0.32323232323232326,1
962,645,468,50,43,12,14,31,1.3782051282051282,1
963,330,638,26,41,5,8,8,0.5172413793103449,0
964,1356,629,94,11,2,247,59,2.1558028616852147,1
965,1132,1197,18,22,10,341,22,0.9456975772765246,0
966,11,276,40,86,2,207,52,0.03985507246376811,0
967,131,536,52,81,5,91,24,0.24440298507462688,0
968,15,521,8,66,10,157,35,0.028790786948176585,0
969,147,691,1,79,8,1476,0,0.21273516642547033,0
970,1108,443,50,10,16,491,6,2.5011286681715577,0
971,68,576,143,65,11,298,13,0.11805555555555555,0
972,88,224,46,18,12,1068,40,0.39285714285714285,0
973,222,614,18,18,16,132,9,0.36156351791530944,0
974,81,735,123,46,62,12,22,0.11020408163265306,0
975,140,865,35,145,86,506,15,0.16184971098265896,1
976,184,335,37,40,6,726,24,0.5492537313432836,0
977,910,218,53,50,69,125,32,4.174311926605505,0
978,1569,727,39,16,13,13,16,2.1581843191196697,1
979,810,202,154,66,1,152,43,4.00990099009901,1
980,205,97,69,174,114,73,8,2.11340206185567,0
981,340,979,91,83,13,958,9,0.3472931562819203,0
982,1661,327,66,124,14,177,34,5.079510703363915,1
983,74,621,134,48,7,205,69,0.11916264090177134,0
984,285,594,89,105,14,122,49,0.4797979797979798,0
985,486,165,50,137,19,41,0,2.9454545454545453,0
986,205,4,28,4,13,485,10,51.25,1
987,229,175,23,45,8,8,52,1.3085714285714285,0
988,185,228,39,79,7,330,43,0.8114035087719298,0
989,124,1703,139,37,92,14,42,0.0728126834997064,0
990,167,533,132,51,17,161,28,0.3133208255159475,0
991,1465,24,114,132,17,47,40,61.041666666666664,1
992,77,533,15,39,5,70,49,0.14446529080675422,0
993,1843,120,47,0,14,469,43,15.358333333333333,1
994,418,95,16,81,17,9,19,4.4,0
995,1169,368,27,2,13,204,1,3.176630434782609,1
996,391,504,5,2,6,319,3,0.7757936507936508,0
997,726,89,139,0,75,33,12,8.157303370786517,0
998,1321,619,1,78,18,156,47,2.134087237479806,1
999,184,1801,23,26,14,3,13,0.10216546363131594,1
